180,hasOutcome,806
180,hasOutcome,808
180,hasIntervention,464
180,hasIntervention,430
180,hasIntervention,443
180,hasProblem,25
181,hasOutcome,817
181,hasOutcome,816
181,hasIntervention,438
181,hasIntervention,432
181,hasProblem,23
181,hasProblem,1
181,hasProblem,10
181,hasProblem,28
181,hasProblem,29
182,hasOutcome,790
182,hasIntervention,462
182,hasIntervention,461
182,hasProblem,30
183,hasOutcome,814
183,hasIntervention,439
183,hasProblem,3
183,hasProblem,15
183,hasProblem,26
184,hasOutcome,820
184,hasOutcome,842
184,hasOutcome,845
184,hasOutcome,795
184,hasOutcome,798
184,hasOutcome,824
184,hasIntervention,446
184,hasProblem,25
185,hasOutcome,800
185,hasOutcome,799
185,hasOutcome,819
185,hasOutcome,837
185,hasOutcome,848
185,hasOutcome,835
185,hasOutcome,791
185,hasOutcome,834
185,hasIntervention,452
185,hasIntervention,427
185,hasProblem,25
186,hasOutcome,836
186,hasIntervention,442
186,hasProblem,21
186,hasProblem,14
187,hasOutcome,864
187,hasOutcome,863
187,hasOutcome,862
187,hasOutcome,802
187,hasOutcome,801
187,hasOutcome,858
187,hasOutcome,857
187,hasIntervention,449
187,hasIntervention,433
187,hasProblem,21
187,hasProblem,22
187,hasProblem,32
188,hasOutcome,818
188,hasIntervention,462
188,hasIntervention,465
188,hasProblem,0
189,hasOutcome,815
189,hasIntervention,462
189,hasIntervention,455
189,hasProblem,7
190,hasOutcome,789
190,hasIntervention,445
190,hasProblem,31
191,hasOutcome,792
191,hasIntervention,457
191,hasIntervention,441
191,hasIntervention,453
191,hasIntervention,444
191,hasProblem,31
192,hasOutcome,810
192,hasOutcome,811
192,hasOutcome,812
192,hasOutcome,840
192,hasOutcome,841
192,hasOutcome,796
192,hasOutcome,838
192,hasOutcome,797
192,hasOutcome,839
192,hasOutcome,805
192,hasOutcome,807
192,hasOutcome,855
192,hasOutcome,813
192,hasOutcome,851
192,hasOutcome,850
192,hasOutcome,794
192,hasOutcome,825
192,hasOutcome,793
192,hasOutcome,823
192,hasOutcome,853
192,hasOutcome,788
192,hasIntervention,466
192,hasIntervention,428
192,hasIntervention,435
192,hasProblem,25
193,hasOutcome,822
193,hasIntervention,430
193,hasIntervention,443
193,hasProblem,19
193,hasProblem,16
193,hasProblem,25
194,hasOutcome,804
194,hasOutcome,843
194,hasIntervention,454
194,hasProblem,9
195,hasOutcome,849
195,hasIntervention,434
195,hasIntervention,463
195,hasIntervention,460
195,hasIntervention,436
195,hasProblem,9
196,hasOutcome,844
196,hasIntervention,437
196,hasIntervention,448
196,hasProblem,0
197,hasOutcome,809
197,hasOutcome,854
197,hasOutcome,846
197,hasOutcome,847
197,hasIntervention,456
197,hasIntervention,429
197,hasIntervention,458
197,hasProblem,24
197,hasProblem,4
197,hasProblem,18
197,hasProblem,12
197,hasProblem,27
198,hasOutcome,828
198,hasIntervention,440
198,hasIntervention,450
198,hasProblem,6
198,hasProblem,2
199,hasOutcome,852
199,hasIntervention,459
199,hasProblem,17
199,hasProblem,20
200,hasOutcome,829
200,hasOutcome,803
200,hasOutcome,826
200,hasIntervention,431
200,hasProblem,13
200,hasProblem,8
201,hasOutcome,856
201,hasOutcome,827
201,hasIntervention,447
201,hasIntervention,451
201,hasProblem,5
202,hasOutcome,821
202,hasIntervention,438
202,hasIntervention,432
202,hasProblem,17
202,hasProblem,11
203,hasOutcome,861
203,hasOutcome,860
203,hasOutcome,859
203,hasIntervention,468
203,hasProblem,33
204,hasOutcome,868
204,hasOutcome,833
204,hasOutcome,832
204,hasOutcome,831
204,hasOutcome,830
204,hasOutcome,871
204,hasOutcome,870
204,hasOutcome,867
204,hasOutcome,866
204,hasOutcome,865
204,hasOutcome,869
204,hasIntervention,470
204,hasIntervention,467
204,hasIntervention,469
204,hasProblem,25
205,hasOutcome,872
205,hasIntervention,462
205,hasIntervention,471
205,hasProblem,35
206,hasOutcome,874
206,hasIntervention,472
206,hasIntervention,434
206,hasProblem,37
207,hasOutcome,875
207,hasIntervention,476
207,hasIntervention,473
207,hasIntervention,475
207,hasProblem,28
208,hasOutcome,873
208,hasIntervention,474
208,hasProblem,21
208,hasProblem,34
208,hasProblem,36
209,hasOutcome,876
209,hasIntervention,481
209,hasIntervention,472
209,hasProblem,37
210,hasOutcome,881
210,hasIntervention,481
210,hasIntervention,472
210,hasProblem,37
211,hasOutcome,880
211,hasIntervention,480
211,hasIntervention,450
211,hasProblem,38
212,hasOutcome,886
212,hasOutcome,883
212,hasOutcome,882
212,hasIntervention,477
212,hasProblem,31
213,hasOutcome,879
213,hasOutcome,878
213,hasOutcome,877
213,hasIntervention,479
213,hasIntervention,484
213,hasIntervention,478
213,hasIntervention,482
213,hasProblem,43
213,hasProblem,40
213,hasProblem,42
213,hasProblem,39
213,hasProblem,41
214,hasOutcome,885
214,hasOutcome,884
214,hasOutcome,888
214,hasOutcome,887
214,hasIntervention,483
214,hasIntervention,485
214,hasIntervention,462
214,hasProblem,41
215,hasOutcome,889
215,hasIntervention,462
215,hasIntervention,486
215,hasIntervention,487
215,hasProblem,49
216,hasOutcome,891
216,hasOutcome,890
216,hasIntervention,434
216,hasIntervention,490
216,hasProblem,46
216,hasProblem,48
216,hasProblem,45
216,hasProblem,47
216,hasProblem,44
217,hasOutcome,893
217,hasOutcome,892
217,hasIntervention,491
217,hasIntervention,501
217,hasProblem,31
218,hasOutcome,898
218,hasOutcome,897
218,hasOutcome,896
218,hasIntervention,462
218,hasIntervention,497
218,hasProblem,37
219,hasOutcome,916
219,hasIntervention,462
219,hasIntervention,494
219,hasProblem,58
220,hasOutcome,900
220,hasIntervention,500
220,hasIntervention,489
220,hasIntervention,496
220,hasIntervention,499
220,hasIntervention,488
220,hasProblem,31
221,hasOutcome,902
221,hasOutcome,901
221,hasIntervention,462
221,hasIntervention,502
221,hasProblem,50
222,hasOutcome,903
222,hasOutcome,899
222,hasIntervention,493
222,hasProblem,51
223,hasOutcome,911
223,hasIntervention,498
223,hasIntervention,506
223,hasProblem,44
224,hasOutcome,907
224,hasOutcome,906
224,hasOutcome,930
224,hasOutcome,929
224,hasIntervention,511
224,hasIntervention,504
224,hasProblem,63
224,hasProblem,46
224,hasProblem,55
225,hasOutcome,920
225,hasIntervention,462
225,hasIntervention,507
225,hasProblem,44
226,hasOutcome,894
226,hasIntervention,462
226,hasIntervention,492
226,hasProblem,52
227,hasOutcome,895
227,hasIntervention,495
227,hasProblem,31
228,hasOutcome,917
228,hasOutcome,910
228,hasIntervention,498
228,hasIntervention,510
228,hasProblem,32
228,hasProblem,21
229,hasOutcome,909
229,hasIntervention,498
229,hasIntervention,490
229,hasIntervention,505
229,hasProblem,44
229,hasProblem,53
229,hasProblem,54
230,hasOutcome,905
230,hasOutcome,904
230,hasIntervention,503
230,hasProblem,51
230,hasProblem,59
231,hasOutcome,908
231,hasOutcome,924
231,hasOutcome,915
231,hasOutcome,914
231,hasOutcome,919
231,hasOutcome,918
231,hasOutcome,913
231,hasOutcome,912
231,hasOutcome,923
231,hasOutcome,922
231,hasOutcome,921
231,hasIntervention,462
231,hasIntervention,508
231,hasProblem,57
231,hasProblem,61
231,hasProblem,56
231,hasProblem,60
232,hasOutcome,935
232,hasIntervention,434
232,hasIntervention,490
232,hasProblem,47
232,hasProblem,65
232,hasProblem,44
232,hasProblem,37
233,hasOutcome,934
233,hasOutcome,933
233,hasIntervention,516
233,hasIntervention,512
233,hasProblem,67
233,hasProblem,64
233,hasProblem,66
234,hasOutcome,931
234,hasIntervention,434
234,hasIntervention,514
234,hasProblem,37
235,hasOutcome,940
235,hasIntervention,490
235,hasProblem,37
236,hasOutcome,950
236,hasIntervention,530
236,hasIntervention,522
236,hasProblem,37
237,hasOutcome,939
237,hasIntervention,462
237,hasIntervention,490
237,hasProblem,45
237,hasProblem,69
237,hasProblem,48
238,hasOutcome,937
238,hasOutcome,936
238,hasIntervention,517
238,hasIntervention,509
238,hasProblem,68
238,hasProblem,62
238,hasProblem,44
238,hasProblem,37
239,hasOutcome,938
239,hasIntervention,520
239,hasProblem,37
240,hasOutcome,951
240,hasIntervention,505
240,hasIntervention,490
240,hasIntervention,521
240,hasProblem,68
241,hasOutcome,927
241,hasOutcome,926
241,hasOutcome,925
241,hasIntervention,498
241,hasIntervention,519
241,hasIntervention,513
241,hasIntervention,518
241,hasProblem,37
242,hasOutcome,932
242,hasIntervention,515
242,hasProblem,37
243,hasOutcome,928
243,hasIntervention,480
243,hasIntervention,505
243,hasProblem,68
243,hasProblem,37
244,hasOutcome,941
244,hasIntervention,498
244,hasIntervention,490
244,hasProblem,37
245,hasOutcome,942
245,hasIntervention,523
245,hasProblem,68
246,hasOutcome,953
246,hasIntervention,534
246,hasProblem,45
247,hasOutcome,945
247,hasIntervention,462
247,hasIntervention,535
247,hasProblem,74
247,hasProblem,37
248,hasOutcome,952
248,hasIntervention,498
248,hasIntervention,532
248,hasProblem,37
249,hasOutcome,965
249,hasOutcome,947
249,hasOutcome,946
249,hasIntervention,526
249,hasProblem,48
249,hasProblem,81
249,hasProblem,75
250,hasOutcome,955
250,hasIntervention,524
250,hasIntervention,531
250,hasProblem,37
251,hasOutcome,960
251,hasIntervention,533
251,hasProblem,73
252,hasOutcome,968
252,hasIntervention,547
252,hasIntervention,529
252,hasIntervention,546
252,hasProblem,37
253,hasOutcome,943
253,hasOutcome,956
253,hasIntervention,538
253,hasProblem,4
253,hasProblem,72
253,hasProblem,51
253,hasProblem,80
253,hasProblem,71
253,hasProblem,79
253,hasProblem,64
253,hasProblem,70
253,hasProblem,78
254,hasOutcome,944
254,hasIntervention,462
254,hasIntervention,525
254,hasProblem,48
254,hasProblem,73
255,hasOutcome,948
255,hasOutcome,961
255,hasIntervention,462
255,hasIntervention,540
255,hasProblem,85
256,hasOutcome,967
256,hasIntervention,537
256,hasIntervention,543
256,hasProblem,76
256,hasProblem,44
256,hasProblem,81
257,hasOutcome,962
257,hasOutcome,959
257,hasOutcome,958
257,hasOutcome,949
257,hasIntervention,528
257,hasProblem,82
258,hasOutcome,963
258,hasIntervention,544
258,hasIntervention,539
258,hasProblem,77
258,hasProblem,83
258,hasProblem,63
259,hasOutcome,980
259,hasIntervention,552
259,hasIntervention,556
259,hasProblem,90
259,hasProblem,49
260,hasOutcome,957
260,hasIntervention,527
260,hasIntervention,526
260,hasProblem,81
261,hasOutcome,966
261,hasIntervention,536
261,hasProblem,37
262,hasOutcome,954
262,hasIntervention,541
262,hasProblem,37
263,hasOutcome,972
263,hasOutcome,971
263,hasOutcome,970
263,hasOutcome,969
263,hasIntervention,542
263,hasIntervention,550
263,hasProblem,3
263,hasProblem,89
263,hasProblem,87
263,hasProblem,86
263,hasProblem,21
264,hasOutcome,983
264,hasIntervention,434
264,hasIntervention,545
264,hasProblem,84
265,hasOutcome,976
265,hasOutcome,975
265,hasIntervention,553
265,hasIntervention,563
265,hasProblem,44
265,hasProblem,48
266,hasOutcome,982
266,hasIntervention,462
266,hasIntervention,548
266,hasProblem,37
267,hasOutcome,993
267,hasOutcome,992
267,hasOutcome,986
267,hasOutcome,1005
267,hasOutcome,1004
267,hasOutcome,1003
267,hasOutcome,1002
267,hasOutcome,1001
267,hasIntervention,569
267,hasIntervention,557
267,hasProblem,37
267,hasProblem,47
267,hasProblem,63
267,hasProblem,65
267,hasProblem,44
268,hasOutcome,1007
268,hasIntervention,462
268,hasIntervention,570
268,hasIntervention,566
268,hasProblem,97
269,hasOutcome,996
269,hasIntervention,462
269,hasIntervention,572
269,hasProblem,99
270,hasOutcome,979
270,hasOutcome,964
270,hasOutcome,989
270,hasOutcome,988
270,hasIntervention,434
270,hasIntervention,551
270,hasProblem,92
271,hasOutcome,991
271,hasOutcome,990
271,hasOutcome,974
271,hasOutcome,973
271,hasOutcome,981
271,hasIntervention,554
271,hasIntervention,562
271,hasProblem,88
272,hasOutcome,985
272,hasOutcome,984
272,hasIntervention,434
272,hasIntervention,490
272,hasProblem,44
272,hasProblem,91
273,hasOutcome,978
273,hasOutcome,977
273,hasIntervention,549
273,hasProblem,37
274,hasOutcome,998
274,hasIntervention,571
274,hasIntervention,561
274,hasProblem,37
275,hasOutcome,987
275,hasOutcome,1006
275,hasIntervention,555
275,hasIntervention,526
275,hasProblem,82
276,hasOutcome,994
276,hasIntervention,480
276,hasIntervention,558
276,hasProblem,93
277,hasOutcome,995
277,hasIntervention,560
277,hasIntervention,564
277,hasIntervention,559
277,hasIntervention,549
277,hasProblem,93
277,hasProblem,37
278,hasOutcome,1014
278,hasIntervention,462
278,hasIntervention,565
278,hasProblem,98
279,hasOutcome,997
279,hasOutcome,1021
279,hasOutcome,1020
279,hasOutcome,1019
279,hasOutcome,1018
279,hasOutcome,1017
279,hasIntervention,434
279,hasIntervention,575
279,hasIntervention,568
279,hasProblem,4
279,hasProblem,25
280,hasOutcome,1016
280,hasOutcome,1015
280,hasOutcome,1000
280,hasOutcome,999
280,hasOutcome,1008
280,hasOutcome,1011
280,hasOutcome,1010
280,hasOutcome,1009
280,hasIntervention,573
280,hasProblem,52
281,hasOutcome,1024
281,hasOutcome,1023
281,hasIntervention,577
281,hasProblem,0
282,hasOutcome,1025
282,hasIntervention,578
282,hasProblem,96
282,hasProblem,101
282,hasProblem,95
282,hasProblem,74
282,hasProblem,100
282,hasProblem,94
283,hasOutcome,1033
283,hasOutcome,1032
283,hasIntervention,582
283,hasIntervention,490
283,hasProblem,93
283,hasProblem,37
284,hasOutcome,1013
284,hasOutcome,1012
284,hasIntervention,574
284,hasProblem,37
285,hasOutcome,1022
285,hasIntervention,480
285,hasIntervention,576
285,hasIntervention,567
285,hasProblem,93
285,hasProblem,37
286,hasOutcome,1031
286,hasOutcome,1030
286,hasOutcome,1029
286,hasOutcome,1028
286,hasIntervention,581
286,hasProblem,48
287,hasOutcome,1027
287,hasOutcome,1040
287,hasIntervention,536
287,hasProblem,37
288,hasOutcome,1037
288,hasIntervention,558
288,hasIntervention,462
288,hasProblem,52
289,hasOutcome,1036
289,hasIntervention,585
289,hasIntervention,434
289,hasIntervention,490
289,hasProblem,13
289,hasProblem,37
290,hasOutcome,1035
290,hasOutcome,1034
290,hasIntervention,572
290,hasIntervention,583
290,hasProblem,77
290,hasProblem,105
291,hasOutcome,1026
291,hasIntervention,580
291,hasIntervention,588
291,hasIntervention,579
291,hasProblem,107
291,hasProblem,104
291,hasProblem,103
291,hasProblem,102
292,hasOutcome,1039
292,hasIntervention,462
292,hasIntervention,589
292,hasProblem,37
293,hasOutcome,1053
293,hasIntervention,597
293,hasProblem,81
294,hasOutcome,1047
294,hasIntervention,434
294,hasIntervention,590
294,hasIntervention,593
294,hasIntervention,601
294,hasIntervention,587
294,hasIntervention,600
294,hasProblem,106
295,hasOutcome,1046
295,hasOutcome,1045
295,hasOutcome,1044
295,hasOutcome,1052
295,hasOutcome,1051
295,hasOutcome,1050
295,hasOutcome,1056
295,hasOutcome,1055
295,hasOutcome,1038
295,hasOutcome,1043
295,hasOutcome,1042
295,hasOutcome,1041
295,hasOutcome,1049
295,hasOutcome,1048
295,hasIntervention,592
295,hasIntervention,586
295,hasIntervention,584
295,hasProblem,37
296,hasOutcome,1059
296,hasOutcome,1058
296,hasIntervention,602
296,hasProblem,48
296,hasProblem,108
296,hasProblem,21
296,hasProblem,34
296,hasProblem,111
296,hasProblem,110
296,hasProblem,37
297,hasOutcome,1063
297,hasOutcome,1054
297,hasIntervention,462
297,hasIntervention,604
297,hasProblem,48
298,hasOutcome,1060
298,hasIntervention,599
298,hasIntervention,598
298,hasIntervention,603
298,hasIntervention,591
298,hasProblem,52
299,hasOutcome,1057
299,hasIntervention,595
299,hasProblem,80
299,hasProblem,112
300,hasOutcome,1062
300,hasIntervention,605
300,hasIntervention,596
300,hasProblem,37
301,hasOutcome,1061
301,hasIntervention,462
301,hasIntervention,594
301,hasProblem,109
301,hasProblem,84
301,hasProblem,97
302,hasOutcome,1072
302,hasIntervention,614
302,hasProblem,68
302,hasProblem,37
303,hasOutcome,1069
303,hasIntervention,609
303,hasIntervention,615
303,hasProblem,81
303,hasProblem,116
304,hasOutcome,1084
304,hasIntervention,624
304,hasProblem,116
305,hasOutcome,1065
305,hasIntervention,607
305,hasIntervention,472
305,hasIntervention,434
305,hasProblem,37
306,hasOutcome,1066
306,hasIntervention,608
306,hasProblem,65
306,hasProblem,93
307,hasOutcome,1067
307,hasOutcome,1073
307,hasIntervention,462
307,hasIntervention,616
307,hasProblem,113
308,hasOutcome,1071
308,hasIntervention,612
308,hasIntervention,613
308,hasIntervention,462
308,hasIntervention,611
308,hasProblem,115
308,hasProblem,27
308,hasProblem,114
309,hasOutcome,1064
309,hasIntervention,480
309,hasIntervention,606
309,hasProblem,74
309,hasProblem,93
309,hasProblem,73
310,hasOutcome,1068
310,hasIntervention,462
310,hasIntervention,594
310,hasProblem,37
311,hasOutcome,1074
311,hasIntervention,462
311,hasIntervention,623
311,hasProblem,37
312,hasOutcome,1085
312,hasIntervention,625
312,hasIntervention,632
312,hasProblem,116
312,hasProblem,37
313,hasOutcome,1075
313,hasOutcome,1079
313,hasIntervention,619
313,hasIntervention,626
313,hasIntervention,633
313,hasIntervention,485
313,hasProblem,118
314,hasOutcome,1070
314,hasIntervention,617
314,hasProblem,30
315,hasOutcome,1078
315,hasIntervention,618
315,hasIntervention,610
315,hasIntervention,621
315,hasProblem,37
316,hasOutcome,1086
316,hasIntervention,620
316,hasProblem,81
317,hasOutcome,1091
317,hasOutcome,1083
317,hasOutcome,1082
317,hasOutcome,1081
317,hasOutcome,1080
317,hasOutcome,1089
317,hasIntervention,634
317,hasIntervention,622
317,hasProblem,81
318,hasOutcome,1087
318,hasIntervention,462
318,hasIntervention,628
318,hasProblem,117
319,hasOutcome,1088
319,hasIntervention,629
319,hasProblem,82
320,hasOutcome,1108
320,hasOutcome,1107
320,hasOutcome,1106
320,hasOutcome,1097
320,hasOutcome,1096
320,hasIntervention,635
320,hasIntervention,640
320,hasIntervention,647
320,hasIntervention,653
320,hasIntervention,646
320,hasIntervention,631
320,hasIntervention,645
320,hasIntervention,630
320,hasProblem,25
321,hasOutcome,1077
321,hasOutcome,1076
321,hasIntervention,627
321,hasProblem,37
322,hasOutcome,1102
322,hasOutcome,1101
322,hasOutcome,1100
322,hasOutcome,1099
322,hasOutcome,1098
322,hasIntervention,648
322,hasIntervention,639
322,hasIntervention,637
322,hasIntervention,656
322,hasIntervention,636
322,hasIntervention,655
322,hasIntervention,638
322,hasIntervention,654
322,hasProblem,25
323,hasOutcome,1104
323,hasOutcome,1103
323,hasIntervention,650
323,hasProblem,46
323,hasProblem,119
323,hasProblem,37
324,hasOutcome,1132
324,hasIntervention,665
324,hasIntervention,661
324,hasIntervention,663
324,hasProblem,14
324,hasProblem,128
324,hasProblem,120
325,hasOutcome,1110
325,hasIntervention,462
325,hasIntervention,659
325,hasProblem,31
326,hasOutcome,1092
326,hasIntervention,649
326,hasProblem,37
327,hasOutcome,1094
327,hasIntervention,642
327,hasProblem,126
327,hasProblem,121
327,hasProblem,125
327,hasProblem,94
327,hasProblem,124
327,hasProblem,122
328,hasOutcome,1109
328,hasIntervention,657
328,hasProblem,126
328,hasProblem,121
328,hasProblem,125
328,hasProblem,94
328,hasProblem,124
328,hasProblem,122
329,hasOutcome,1090
329,hasIntervention,490
329,hasProblem,37
330,hasOutcome,1093
330,hasIntervention,641
330,hasIntervention,651
330,hasProblem,37
331,hasOutcome,1105
331,hasIntervention,652
331,hasProblem,126
331,hasProblem,121
331,hasProblem,125
331,hasProblem,94
331,hasProblem,124
331,hasProblem,122
332,hasOutcome,1095
332,hasIntervention,643
332,hasProblem,126
332,hasProblem,121
332,hasProblem,125
332,hasProblem,94
332,hasProblem,124
332,hasProblem,122
333,hasOutcome,1111
333,hasIntervention,660
333,hasProblem,126
333,hasProblem,121
333,hasProblem,125
333,hasProblem,94
333,hasProblem,124
333,hasProblem,122
334,hasOutcome,1153
334,hasOutcome,1145
334,hasOutcome,1118
334,hasOutcome,1152
334,hasOutcome,1151
334,hasOutcome,1136
334,hasOutcome,1135
334,hasOutcome,1134
334,hasOutcome,1133
334,hasIntervention,667
334,hasProblem,123
334,hasProblem,31
335,hasOutcome,1121
335,hasIntervention,634
335,hasIntervention,666
335,hasProblem,62
335,hasProblem,33
335,hasProblem,88
335,hasProblem,127
335,hasProblem,130
335,hasProblem,37
336,hasOutcome,1144
336,hasOutcome,1143
336,hasOutcome,1142
336,hasOutcome,1141
336,hasOutcome,1140
336,hasOutcome,1139
336,hasOutcome,1138
336,hasOutcome,1137
336,hasOutcome,1150
336,hasOutcome,1149
336,hasOutcome,1148
336,hasOutcome,1147
336,hasOutcome,1146
336,hasIntervention,462
336,hasIntervention,670
336,hasIntervention,668
336,hasProblem,129
337,hasOutcome,1119
337,hasIntervention,644
337,hasProblem,126
337,hasProblem,121
337,hasProblem,125
337,hasProblem,94
337,hasProblem,124
337,hasProblem,122
338,hasOutcome,1120
338,hasOutcome,1114
338,hasOutcome,1113
338,hasOutcome,1112
338,hasIntervention,658
338,hasProblem,25
339,hasOutcome,1131
339,hasOutcome,1130
339,hasOutcome,1129
339,hasOutcome,1128
339,hasOutcome,1127
339,hasOutcome,1126
339,hasOutcome,1125
339,hasOutcome,1124
339,hasOutcome,1123
339,hasOutcome,1122
339,hasOutcome,1117
339,hasOutcome,1116
339,hasOutcome,1115
339,hasIntervention,662
339,hasIntervention,664
339,hasIntervention,669
339,hasProblem,129
340,hasOutcome,1154
340,hasOutcome,1161
340,hasIntervention,671
340,hasProblem,8
340,hasProblem,31
341,hasOutcome,1158
341,hasOutcome,1157
341,hasOutcome,1156
341,hasOutcome,1155
341,hasIntervention,677
341,hasIntervention,674
341,hasProblem,58
342,hasOutcome,1166
342,hasOutcome,1165
342,hasOutcome,1164
342,hasIntervention,683
342,hasIntervention,675
342,hasProblem,135
342,hasProblem,27
342,hasProblem,134
342,hasProblem,131
343,hasOutcome,1163
343,hasIntervention,679
343,hasIntervention,673
343,hasProblem,37
344,hasOutcome,1162
344,hasIntervention,462
344,hasIntervention,672
344,hasProblem,37
345,hasOutcome,1168
345,hasIntervention,684
345,hasIntervention,680
345,hasProblem,132
345,hasProblem,136
345,hasProblem,17
346,hasOutcome,1172
346,hasOutcome,1171
346,hasIntervention,681
346,hasProblem,37
347,hasOutcome,1159
347,hasIntervention,480
347,hasIntervention,606
347,hasProblem,74
347,hasProblem,116
347,hasProblem,37
348,hasOutcome,1160
348,hasIntervention,462
348,hasIntervention,678
348,hasProblem,137
349,hasOutcome,1167
349,hasIntervention,676
349,hasProblem,103
350,hasOutcome,1178
350,hasOutcome,1177
350,hasOutcome,1176
350,hasIntervention,687
350,hasProblem,133
350,hasProblem,138
350,hasProblem,49
351,hasOutcome,1189
351,hasOutcome,1188
351,hasOutcome,1187
351,hasOutcome,1186
351,hasOutcome,1185
351,hasOutcome,1184
351,hasOutcome,1183
351,hasOutcome,1182
351,hasOutcome,1181
351,hasOutcome,1180
351,hasOutcome,1179
351,hasIntervention,682
351,hasIntervention,688
351,hasProblem,82
351,hasProblem,105
351,hasProblem,47
352,hasOutcome,1206
352,hasOutcome,1202
352,hasOutcome,1201
352,hasOutcome,1200
352,hasOutcome,1170
352,hasOutcome,1173
352,hasOutcome,1205
352,hasOutcome,1199
352,hasIntervention,692
352,hasProblem,82
353,hasOutcome,1191
353,hasOutcome,1190
353,hasIntervention,690
353,hasProblem,140
353,hasProblem,139
353,hasProblem,103
354,hasOutcome,1209
354,hasIntervention,462
354,hasIntervention,695
354,hasProblem,82
355,hasOutcome,1204
355,hasOutcome,1169
355,hasOutcome,1198
355,hasOutcome,1197
355,hasOutcome,1196
355,hasOutcome,1195
355,hasOutcome,1194
355,hasOutcome,1193
355,hasIntervention,693
355,hasIntervention,689
355,hasProblem,21
356,hasOutcome,1175
356,hasOutcome,1174
356,hasIntervention,686
356,hasIntervention,694
356,hasIntervention,685
356,hasProblem,37
356,hasProblem,141
356,hasProblem,82
357,hasOutcome,1207
357,hasOutcome,1220
357,hasOutcome,1219
357,hasIntervention,434
357,hasIntervention,707
357,hasProblem,146
357,hasProblem,144
357,hasProblem,145
357,hasProblem,28
358,hasOutcome,1233
358,hasOutcome,1242
358,hasOutcome,1241
358,hasOutcome,1217
358,hasOutcome,1216
358,hasOutcome,1237
358,hasOutcome,1232
358,hasOutcome,1231
358,hasOutcome,1230
358,hasOutcome,1236
358,hasIntervention,716
358,hasIntervention,703
358,hasIntervention,709
358,hasIntervention,706
358,hasIntervention,702
358,hasIntervention,705
358,hasIntervention,708
358,hasIntervention,712
358,hasIntervention,701
358,hasProblem,82
359,hasOutcome,1208
359,hasIntervention,671
359,hasProblem,8
359,hasProblem,31
360,hasOutcome,1203
360,hasIntervention,566
360,hasProblem,142
360,hasProblem,82
361,hasOutcome,1192
361,hasIntervention,472
361,hasIntervention,434
361,hasIntervention,691
361,hasProblem,37
362,hasOutcome,1214
362,hasOutcome,1213
362,hasOutcome,1212
362,hasIntervention,536
362,hasProblem,37
363,hasOutcome,1218
363,hasOutcome,1225
363,hasOutcome,1224
363,hasOutcome,1223
363,hasOutcome,1210
363,hasOutcome,1215
363,hasIntervention,434
363,hasIntervention,697
363,hasProblem,143
364,hasOutcome,1227
364,hasOutcome,1226
364,hasIntervention,711
364,hasIntervention,700
364,hasProblem,37
365,hasOutcome,1211
365,hasIntervention,699
365,hasIntervention,704
365,hasIntervention,698
365,hasIntervention,696
365,hasProblem,17
366,hasOutcome,1221
366,hasOutcome,1228
366,hasIntervention,713
366,hasProblem,97
367,hasOutcome,1240
367,hasOutcome,1248
367,hasIntervention,718
367,hasIntervention,721
367,hasProblem,37
368,hasOutcome,1229
368,hasOutcome,1222
368,hasOutcome,1235
368,hasOutcome,1234
368,hasIntervention,462
368,hasIntervention,710
368,hasProblem,37
369,hasOutcome,1239
369,hasOutcome,1238
369,hasIntervention,717
369,hasIntervention,714
369,hasProblem,57
369,hasProblem,150
369,hasProblem,149
369,hasProblem,148
369,hasProblem,103
369,hasProblem,79
369,hasProblem,147
369,hasProblem,77
370,hasOutcome,1244
370,hasOutcome,1243
370,hasIntervention,719
370,hasIntervention,720
370,hasProblem,82
371,hasOutcome,1249
371,hasOutcome,1245
371,hasOutcome,1252
371,hasOutcome,1251
371,hasOutcome,1250
371,hasIntervention,715
371,hasIntervention,722
371,hasProblem,21
372,hasOutcome,1247
372,hasIntervention,462
372,hasIntervention,628
372,hasProblem,151
373,hasOutcome,1246
373,hasIntervention,462
373,hasIntervention,723
373,hasProblem,109
374,hasOutcome,1253
374,hasIntervention,462
374,hasIntervention,623
374,hasProblem,31
375,hasOutcome,1256
375,hasOutcome,1255
375,hasOutcome,1254
375,hasIntervention,726
375,hasIntervention,462
375,hasIntervention,725
375,hasProblem,152
376,hasOutcome,1258
376,hasOutcome,1257
376,hasIntervention,719
376,hasIntervention,724
376,hasProblem,37
377,hasOutcome,1262
377,hasOutcome,1261
377,hasIntervention,625
377,hasIntervention,730
377,hasIntervention,727
377,hasProblem,153
378,hasOutcome,1265
378,hasIntervention,615
378,hasIntervention,462
378,hasIntervention,729
378,hasProblem,81
378,hasProblem,154
379,hasOutcome,1263
379,hasOutcome,1260
379,hasOutcome,1259
379,hasIntervention,728
379,hasProblem,66
380,hasOutcome,1271
380,hasOutcome,1270
380,hasOutcome,1269
380,hasOutcome,1268
380,hasOutcome,1267
380,hasOutcome,1266
380,hasIntervention,434
380,hasIntervention,731
380,hasProblem,143
381,hasOutcome,1264
381,hasIntervention,434
381,hasIntervention,734
381,hasProblem,155
382,hasOutcome,1276
382,hasOutcome,1275
382,hasIntervention,628
382,hasProblem,156
383,hasOutcome,1279
383,hasOutcome,1283
383,hasOutcome,1278
383,hasOutcome,1277
383,hasOutcome,1272
383,hasIntervention,735
383,hasIntervention,737
383,hasProblem,82
384,hasOutcome,1287
384,hasOutcome,1274
384,hasIntervention,736
384,hasIntervention,733
384,hasProblem,103
385,hasOutcome,1285
385,hasOutcome,1284
385,hasIntervention,740
385,hasProblem,97
386,hasOutcome,1273
386,hasIntervention,738
386,hasProblem,26
387,hasOutcome,1289
387,hasOutcome,1282
387,hasIntervention,462
387,hasIntervention,659
387,hasProblem,31
388,hasOutcome,1286
388,hasIntervention,462
388,hasIntervention,732
388,hasProblem,157
389,hasOutcome,1281
389,hasOutcome,1280
389,hasIntervention,739
389,hasProblem,97
390,hasOutcome,1288
390,hasOutcome,1292
390,hasOutcome,1291
390,hasOutcome,1290
390,hasIntervention,462
390,hasIntervention,594
390,hasProblem,82
391,hasOutcome,1293
391,hasOutcome,1308
391,hasIntervention,745
391,hasProblem,28
391,hasProblem,158
392,hasOutcome,1294
392,hasIntervention,742
392,hasIntervention,743
392,hasIntervention,741
392,hasProblem,21
393,hasOutcome,1296
393,hasOutcome,1309
393,hasOutcome,1295
393,hasIntervention,744
393,hasProblem,82
394,hasOutcome,1315
394,hasIntervention,462
394,hasIntervention,751
394,hasIntervention,747
394,hasIntervention,750
394,hasIntervention,746
394,hasProblem,31
395,hasOutcome,1320
395,hasIntervention,753
395,hasProblem,159
395,hasProblem,3
395,hasProblem,5
395,hasProblem,26
396,hasOutcome,1321
396,hasIntervention,434
396,hasIntervention,748
396,hasProblem,160
397,hasOutcome,1307
397,hasOutcome,1306
397,hasOutcome,1305
397,hasOutcome,1304
397,hasOutcome,1310
397,hasOutcome,1316
397,hasOutcome,1302
397,hasOutcome,1301
397,hasOutcome,1300
397,hasOutcome,1299
397,hasOutcome,1298
397,hasOutcome,1297
397,hasOutcome,1314
397,hasOutcome,1313
397,hasOutcome,1312
397,hasOutcome,1303
397,hasOutcome,1311
397,hasIntervention,594
397,hasProblem,37
398,hasOutcome,1329
398,hasOutcome,1328
398,hasIntervention,756
398,hasIntervention,749
398,hasProblem,82
399,hasOutcome,1317
399,hasIntervention,462
399,hasIntervention,628
399,hasProblem,163
400,hasOutcome,1340
400,hasIntervention,752
400,hasProblem,82
401,hasOutcome,1319
401,hasOutcome,1318
401,hasOutcome,1335
401,hasIntervention,760
401,hasIntervention,758
401,hasProblem,82
401,hasProblem,48
402,hasOutcome,1345
402,hasOutcome,1349
402,hasOutcome,1348
402,hasOutcome,1338
402,hasOutcome,1337
402,hasOutcome,1336
402,hasOutcome,1347
402,hasOutcome,1332
402,hasIntervention,759
402,hasIntervention,764
402,hasProblem,161
402,hasProblem,82
403,hasOutcome,1334
403,hasOutcome,1333
403,hasOutcome,1326
403,hasOutcome,1325
403,hasOutcome,1324
403,hasOutcome,1323
403,hasOutcome,1322
403,hasIntervention,754
403,hasProblem,162
403,hasProblem,103
403,hasProblem,9
404,hasOutcome,1331
404,hasOutcome,1330
404,hasIntervention,757
404,hasProblem,82
405,hasOutcome,1327
405,hasIntervention,755
405,hasProblem,37
406,hasOutcome,1341
406,hasIntervention,462
406,hasIntervention,761
406,hasProblem,37
407,hasOutcome,1339
407,hasIntervention,762
407,hasProblem,82
408,hasOutcome,1344
408,hasIntervention,462
408,hasIntervention,666
408,hasProblem,62
408,hasProblem,82
409,hasOutcome,1350
409,hasOutcome,1346
409,hasIntervention,434
409,hasIntervention,766
409,hasProblem,168
409,hasProblem,170
410,hasOutcome,1343
410,hasOutcome,1342
410,hasIntervention,763
410,hasProblem,167
410,hasProblem,165
410,hasProblem,166
410,hasProblem,49
411,hasOutcome,1352
411,hasIntervention,462
411,hasIntervention,767
411,hasProblem,174
411,hasProblem,2
412,hasOutcome,1351
412,hasIntervention,462
412,hasIntervention,765
412,hasProblem,164
412,hasProblem,169
413,hasOutcome,1353
413,hasIntervention,770
413,hasProblem,131
414,hasOutcome,1368
414,hasIntervention,775
414,hasProblem,14
415,hasOutcome,1359
415,hasOutcome,1358
415,hasIntervention,772
415,hasIntervention,776
415,hasProblem,89
415,hasProblem,173
415,hasProblem,175
415,hasProblem,172
416,hasOutcome,1357
416,hasOutcome,1356
416,hasOutcome,1354
416,hasIntervention,769
416,hasIntervention,774
416,hasIntervention,768
416,hasIntervention,771
416,hasIntervention,505
416,hasProblem,171
417,hasOutcome,1364
417,hasOutcome,1363
417,hasOutcome,1362
417,hasOutcome,1355
417,hasOutcome,1373
417,hasOutcome,1372
417,hasOutcome,1371
417,hasOutcome,1370
417,hasOutcome,1369
417,hasProblem,52
417,hasProblem,179
417,hasProblem,176
417,hasProblem,82
417,hasProblem,177
417,hasProblem,127
418,hasOutcome,1394
418,hasIntervention,628
418,hasProblem,178
419,hasOutcome,1365
419,hasIntervention,777
419,hasProblem,82
420,hasOutcome,1361
420,hasOutcome,1360
420,hasOutcome,1376
420,hasOutcome,1375
420,hasOutcome,1374
420,hasOutcome,1389
420,hasOutcome,1388
420,hasOutcome,1387
420,hasOutcome,1386
420,hasOutcome,1385
420,hasOutcome,1384
420,hasOutcome,1367
420,hasOutcome,1366
420,hasIntervention,778
420,hasIntervention,780
420,hasProblem,0
421,hasOutcome,1377
421,hasIntervention,779
421,hasIntervention,773
421,hasProblem,79
422,hasOutcome,1393
422,hasOutcome,1392
422,hasOutcome,1391
422,hasOutcome,1403
422,hasOutcome,1406
422,hasOutcome,1390
422,hasOutcome,1402
422,hasOutcome,1398
422,hasOutcome,1397
422,hasOutcome,1396
422,hasOutcome,1395
422,hasOutcome,1405
422,hasOutcome,1404
422,hasOutcome,1401
422,hasOutcome,1400
422,hasOutcome,1399
422,hasOutcome,1413
422,hasOutcome,1412
422,hasOutcome,1411
422,hasOutcome,1410
422,hasOutcome,1409
422,hasOutcome,1408
422,hasOutcome,1383
422,hasOutcome,1382
422,hasOutcome,1381
422,hasOutcome,1380
422,hasOutcome,1379
422,hasOutcome,1378
422,hasIntervention,781
422,hasIntervention,783
422,hasIntervention,782
422,hasProblem,25
423,hasOutcome,1415
423,hasIntervention,786
423,hasProblem,82
424,hasOutcome,1407
424,hasIntervention,784
424,hasProblem,11
425,hasOutcome,1414
425,hasIntervention,785
425,hasProblem,82
426,hasOutcome,1416
426,hasIntervention,787
426,hasProblem,52
